,Name,Year,Salary
1419,Adam Vinatieri,2000,"$575,000"
699,Phil Dawson,2000,"$275,000"
1796,Drew Brees,2001,"$2,165,000"
1420,Adam Vinatieri,2001,"$650,000"
700,Phil Dawson,2001,"$389,000"
1421,Adam Vinatieri,2002,"$2,549,999"
1797,Drew Brees,2002,"$400,000"
734,Julius Peppers,2002,"$10,100,000"
701,Phil Dawson,2002,"$1,325,000"
1422,Adam Vinatieri,2003,"$1,650,000"
1125,Terrell Suggs,2003,"$3,100,000"
702,Phil Dawson,2003,"$530,000"
1798,Drew Brees,2003,"$980,000"
2877,Jason Witten,2003,"$895,000"
735,Julius Peppers,2003,"$5,300,000"
1126,Terrell Suggs,2004,"$4,555,000"
1423,Adam Vinatieri,2004,"$1,425,000"
1799,Drew Brees,2004,"$1,560,000"
736,Julius Peppers,2004,"$1,500,000"
2798,Matt Schaub,2004,"$675,000"
2878,Jason Witten,2004,"$305,000"
2348,Larry Fitzgerald,2004,"$8,550,000"
2574,Mike Adams,2004,"$149,885"
703,Phil Dawson,2004,"$600,000"
2250,Ben Roethlisberger,2004,"$2,285,500"
1127,Terrell Suggs,2005,"$380,000"
2799,Matt Schaub,2005,"$305,000"
1019,Darren Sproles,2005,"$622,000"
2251,Ben Roethlisberger,2005,"$9,910,250"
2575,Mike Adams,2005,"$305,000"
1424,Adam Vinatieri,2005,"$2,759,000"
704,Phil Dawson,2005,"$700,000"
2349,Larry Fitzgerald,2005,"$5,335,000"
1369,Adam-Pacman Jones,2005,"$3,800,010"
737,Julius Peppers,2005,"$10,525,000"
2879,Jason Witten,2005,"$380,000"
2139,Dustin Colquitt,2005,"$650,000"
1800,Drew Brees,2005,"$8,078,000"
2005,Sam Koch,2006,"$329,490"
295,Kellen Clemens,2006,"$1,885,000"
1093,Marcedes Lewis,2006,"$990,000"
2081,Donald Penn,2006,"$275,000"
2880,Jason Witten,2006,"$6,500,000"
1020,Darren Sproles,2006,"$195,000"
2800,Matt Schaub,2006,"$425,000"
1128,Terrell Suggs,2006,"$500,000"
2576,Mike Adams,2006,"$425,000"
1425,Adam Vinatieri,2006,"$4,480,000"
705,Phil Dawson,2006,"$1,750,000"
1370,Adam-Pacman Jones,2006,"$7,972,500"
738,Julius Peppers,2006,"$13,300,000"
835,Elvis Dumervil,2006,"$674,000"
1801,Drew Brees,2006,"$22,000,000"
2140,Dustin Colquitt,2006,"$350,000"
2616,Antoine Bethea,2006,"$344,000"
2350,Larry Fitzgerald,2006,"$3,317,500"
2252,Ben Roethlisberger,2006,"$2,998,250"
706,Phil Dawson,2007,"$1,000,000"
1802,Drew Brees,2007,"$3,000,000"
2141,Dustin Colquitt,2007,"$435,000"
318,Matt Moore,2007,"$15,000"
317,Matt Moore,2007,"$285,000"
2617,Antoine Bethea,2007,"$360,000"
296,Kellen Clemens,2007,"$360,000"
2306,Paul Posluszny,2007,"$1,868,000"
2881,Jason Witten,2007,"$6,595,000"
2857,Corey Graham,2007,"$434,500"
2006,Sam Koch,2007,"$360,000"
2351,Larry Fitzgerald,2007,"$3,580,000"
2082,Donald Penn,2007,"$360,000"
1129,Terrell Suggs,2007,"$5,000,000"
2253,Ben Roethlisberger,2007,"$1,579,500"
1021,Darren Sproles,2007,"$385,000"
836,Elvis Dumervil,2007,"$360,000"
2801,Matt Schaub,2007,"$8,000,000"
1242,Justin Durant,2007,"$1,587,000"
1094,Marcedes Lewis,2007,"$4,470,000"
1426,Adam Vinatieri,2007,"$1,370,000"
739,Julius Peppers,2007,"$9,185,000"
2577,Mike Adams,2007,"$610,000"
1114,Connor Barth,2008,"$6,000"
2618,Antoine Bethea,2008,"$445,000"
1574,Orlando Scandrick,2008,"$480,000"
1022,Darren Sproles,2008,"$1,100,000"
2858,Corey Graham,2008,"$370,000"
816,Breno Giacomini,2008,"$474,165"
2352,Larry Fitzgerald,2008,"$17,100,000"
1130,Terrell Suggs,2008,"$8,475,000"
1427,Adam Vinatieri,2008,"$1,650,000"
2179,Danny Woodhead,2008,"$202,000"
2882,Jason Witten,2008,"$1,905,000"
2007,Sam Koch,2008,"$445,000"
2578,Mike Adams,2008,"$605,000"
2802,Matt Schaub,2008,"$5,000,000"
855,Matt Forte,2008,"$2,356,500"
2020,Josh Sitton,2008,"$679,000"
740,Julius Peppers,2008,"$9,235,000"
2254,Ben Roethlisberger,2008,"$27,700,000"
1621,William Hayes,2008,"$793,300"
2083,Donald Penn,2008,"$445,000"
1357,Brett Kern,2008,"$310,000"
1371,Adam-Pacman Jones,2008,"$1,742,500"
297,Kellen Clemens,2008,"$445,000"
2748,Tyvon Branch,2008,"$810,825"
1803,Drew Brees,2008,"$5,000,000"
80,Harry Douglas,2008,"$999,050"
1517,Jerrell Freeman,2008,"$5,000"
681,Quintin Demps,2008,"$750,000"
1525,Jamaal Charles,2008,"$895,000"
1115,Connor Barth,2008,"$242,941"
2142,Dustin Colquitt,2008,"$3,100,000"
837,Elvis Dumervil,2008,"$445,000"
1095,Marcedes Lewis,2008,"$607,500"
319,Matt Moore,2008,"$370,000"
2307,Paul Posluszny,2008,"$550,000"
707,Phil Dawson,2008,"$1,150,000"
1477,Wesley Woodyard,2008,"$315,000"
1733,Aqib Talib,2008,"$4,895,000"
2021,Josh Sitton,2009,"$385,000"
298,Kellen Clemens,2009,"$535,000"
2308,Paul Posluszny,2009,"$650,000"
81,Harry Douglas,2009,"$385,000"
1076,Patrick Chung,2009,"$2,385,000"
1804,Drew Brees,2009,"$12,989,500"
1358,Brett Kern,2009,"$385,000"
1116,Connor Barth,2009,"$385,000"
1096,Marcedes Lewis,2009,"$560,000"
708,Phil Dawson,2009,"$1,150,000"
1372,Adam-Pacman Jones,2009,"$545,000"
1734,Aqib Talib,2009,"$1,181,250"
2008,Sam Koch,2009,"$1,545,000"
2619,Antoine Bethea,2009,"$535,000"
2859,Corey Graham,2009,"$460,000"
2749,Tyvon Branch,2009,"$385,000"
2803,Matt Schaub,2009,"$16,950,000"
320,Matt Moore,2009,"$460,000"
741,Julius Peppers,2009,"$16,683,000"
1131,Terrell Suggs,2009,"$15,100,000"
2181,Danny Woodhead,2009,"$88,400"
2353,Larry Fitzgerald,2009,"$9,750,000"
2883,Jason Witten,2009,"$2,500,000"
2180,Danny Woodhead,2009,"$271,764"
1556,Steve McLendon,2009,"$1,000"
991,Jason McCourty,2009,"$399,818"
682,Quintin Demps,2009,"$385,000"
1555,Steve McLendon,2009,"$176,800"
1023,Darren Sproles,2009,"$6,621,000"
1243,Justin Durant,2009,"$460,000"
2606,Brian Hoyer,2009,"$322,500"
856,Matt Forte,2009,"$385,000"
2579,Mike Adams,2009,"$2,670,000"
1526,Jamaal Charles,2009,"$385,000"
1554,Steve McLendon,2009,"$310,000"
1575,Orlando Scandrick,2009,"$385,000"
2143,Dustin Colquitt,2009,"$900,000"
2056,Matthew Stafford,2009,"$3,100,000"
224,Cedric Peerman,2009,"$1,090,000"
1428,Adam Vinatieri,2009,"$2,250,000"
621,Michael Crabtree,2009,"$2,393,077"
2769,Darius Butler,2009,"$440,000"
2255,Ben Roethlisberger,2009,"$7,750,000"
496,Julian Edelman,2009,"$358,700"
2084,Donald Penn,2009,"$2,792,000"
817,Breno Giacomini,2009,"$385,000"
1622,William Hayes,2009,"$385,000"
838,Elvis Dumervil,2009,"$535,000"
1478,Wesley Woodyard,2009,"$385,000"
1190,Nate Allen,2010,"$2,720,000"
82,Harry Douglas,2010,"$470,000"
947,Carlos Dunlap,2010,"$1,548,000"
2354,Larry Fitzgerald,2010,"$6,150,000"
1429,Adam Vinatieri,2010,"$2,250,000"
1867,Bryan Bulaga,2010,"$2,064,000"
622,Michael Crabtree,2010,"$12,795,000"
2770,Darius Butler,2010,"$1,672,500"
1805,Drew Brees,2010,"$6,689,000"
2841,George Johnson,2010,"$320,000"
1479,Wesley Woodyard,2010,"$475,000"
1847,Morgan Cox,2010,"$235,000"
1024,Darren Sproles,2010,"$7,281,300"
1623,William Hayes,2010,"$470,000"
934,Linval Joseph,2010,"$2,690,500"
1527,Jamaal Charles,2010,"$8,470,000"
2918,Chris Maragos,2010,"$88,400"
497,Julian Edelman,2010,"$395,000"
920,Maurkice Pouncey,2010,"$1,444,500"
2804,Matt Schaub,2010,"$4,550,000"
2919,Chris Maragos,2010,"$5,000"
709,Phil Dawson,2010,"$1,150,000"
2256,Ben Roethlisberger,2010,"$6,155,882"
2920,Chris Maragos,2010,"$112,941"
1576,Orlando Scandrick,2010,"$470,000"
2523,Mike Windt,2010,"$2,500"
2580,Mike Adams,2010,"$1,420,000"
2522,Mike Windt,2010,"$320,000"
1373,Adam-Pacman Jones,2010,"$295,000"
1132,Terrell Suggs,2010,"$24,900,000"
1558,Steve McLendon,2010,"$225,882"
1557,Steve McLendon,2010,"$176,800"
2550,Tyson Alualu,2010,"$3,410,000"
683,Quintin Demps,2010,"$470,000"
2750,Tyvon Branch,2010,"$470,000"
1752,Frank Zombo,2010,"$323,500"
1117,Connor Barth,2010,"$470,000"
1359,Brett Kern,2010,"$475,000"
1702,Ben Garland,2010,"$322,000"
1735,Aqib Talib,2010,"$1,334,117"
2309,Paul Posluszny,2010,"$715,000"
2607,Brian Hoyer,2010,"$395,000"
2597,Derrick Morgan,2010,"$2,280,010"
1244,Justin Durant,2010,"$550,000"
321,Matt Moore,2010,"$3,043,000"
1975,Ed Dickson,2010,"$982,500"
2156,Logan Paulsen,2010,"$330,000"
194,Colt McCoy,2010,"$1,141,000"
2860,Corey Graham,2010,"$1,101,000"
2239,Ndamukong Suh,2010,"$3,100,000"
818,Breno Giacomini,2010,"$470,000"
1077,Patrick Chung,2010,"$1,405,000"
2144,Dustin Colquitt,2010,"$1,200,000"
992,Jason McCourty,2010,"$395,000"
2692,Golden Tate,2010,"$1,320,000"
2620,Antoine Bethea,2010,"$11,280,000"
1994,Austin Howard,2010,"$335,000"
2884,Jason Witten,2010,"$3,141,000"
2399,Jerry Hughes,2010,"$2,345,000"
2009,Sam Koch,2010,"$1,759,000"
2182,Danny Woodhead,2010,"$371,764"
2085,Donald Penn,2010,"$6,500,000"
225,Cedric Peerman,2010,"$385,000"
105,Joe Hawley,2010,"$803,180"
742,Julius Peppers,2010,"$20,200,000"
1032,Rodger Saffold,2010,"$2,640,000"
2057,Matthew Stafford,2010,"$26,900,000"
2022,Josh Sitton,2010,"$470,000"
1097,Marcedes Lewis,2010,"$1,202,500"
857,Matt Forte,2010,"$470,000"
343,Sam Young,2010,"$430,500"
2366,Morgan Burnett,2010,"$1,195,100"
299,Kellen Clemens,2010,"$700,000"
839,Elvis Dumervil,2010,"$3,630,000"
2909,Brandon Graham,2010,"$1,690,000"
2058,Matthew Stafford,2011,"$9,270,000"
2662,Jimmy Smith,2011,"$4,301,688"
910,Doug Baldwin,2011,"$392,500"
1559,Steve McLendon,2011,"$450,000"
2367,Morgan Burnett,2011,"$450,000"
2885,Jason Witten,2011,"$16,391,000"
2086,Donald Penn,2011,"$8,200,000"
22,Chris Culliver,2011,"$973,876"
1577,Orlando Scandrick,2011,"$3,600,000"
2232,J.T. Thomas,2011,"$467,516"
195,Colt McCoy,2011,"$450,000"
1609,Jah Reid,2011,"$938,240"
1025,Darren Sproles,2011,"$4,000,000"
498,Julian Edelman,2011,"$525,000"
1253,Chris Hogan,2011,"$17,500"
1252,Chris Hogan,2011,"$5,700"
743,Julius Peppers,2011,"$11,700,000"
2400,Jerry Hughes,2011,"$3,555,000"
2910,Brandon Graham,2011,"$11,470,000"
106,Joe Hawley,2011,"$405,000"
632,Luke Stocker,2011,"$847,688"
1033,Rodger Saffold,2011,"$650,000"
2257,Ben Roethlisberger,2011,"$11,600,000"
2921,Chris Maragos,2011,"$291,176"
2355,Larry Fitzgerald,2011,"$20,000,000"
623,Michael Crabtree,2011,"$4,375,000"
840,Elvis Dumervil,2011,"$19,615,000"
656,Nick Bellore,2011,"$382,000"
2196,Buster Skrine,2011,"$577,000"
118,Derek Newton,2011,"$435,256"
2922,Chris Maragos,2011,"$96,900"
2183,Danny Woodhead,2011,"$1,200,000"
819,Breno Giacomini,2011,"$555,000"
1480,Wesley Woodyard,2011,"$1,835,000"
2166,Clint Boling,2011,"$856,448"
2157,Logan Paulsen,2011,"$450,000"
1493,Julius Thomas,2011,"$759,000"
1505,Kenny Wiggins,2011,"$3,000"
1406,Andre Holmes,2011,"$375,000"
993,Jason McCourty,2011,"$525,000"
2581,Mike Adams,2011,"$1,150,000"
1245,Justin Durant,2011,"$3,750,000"
1191,Nate Allen,2011,"$1,159,000"
2145,Dustin Colquitt,2011,"$1,500,000"
684,Quintin Demps,2011,"$555,000"
903,Brandon Fusco,2011,"$469,224"
1133,Terrell Suggs,2011,"$3,400,000"
2551,Tyson Alualu,2011,"$7,040,000"
2771,Darius Butler,2011,"$25,000"
1528,Jamaal Charles,2011,"$3,600,000"
2608,Brian Hoyer,2011,"$525,000"
1624,William Hayes,2011,"$1,000,000"
935,Linval Joseph,2011,"$405,000"
2693,Golden Tate,2011,"$450,000"
2751,Tyvon Branch,2011,"$555,000"
777,Patrick Peterson,2011,"$12,278,272"
1753,Frank Zombo,2011,"$405,000"
2598,Derrick Morgan,2011,"$9,125,000"
1118,Connor Barth,2011,"$1,835,000"
1976,Ed Dickson,2011,"$450,000"
1769,Marcus Cannon,2011,"$575,500"
1360,Brett Kern,2011,"$2,727,500"
408,Stevan Ridley,2011,"$1,023,000"
1009,Muhammad Wilkerson,2011,"$3,875,000"
322,Matt Moore,2011,"$4,000,000"
1318,Stephen Paea,2011,"$1,555,656"
2436,Dan Bailey,2011,"$377,500"
83,Harry Douglas,2011,"$1,200,000"
1328,Charles Clay,2011,"$487,000"
965,Mario Addison,2011,"$3,500"
1806,Drew Brees,2011,"$7,593,500"
2621,Antoine Bethea,2011,"$4,745,000"
948,Carlos Dunlap,2011,"$450,000"
1921,Byron Bell,2011,"$389,000"
1848,Morgan Cox,2011,"$450,000"
964,Mario Addison,2011,"$375,000"
344,Sam Young,2011,"$540,000"
1868,Bryan Bulaga,2011,"$4,400,000"
2310,Paul Posluszny,2011,"$11,000,000"
2842,George Johnson,2011,"$375,000"
1098,Marcedes Lewis,2011,"$9,450,000"
1078,Patrick Chung,2011,"$575,000"
1736,Aqib Talib,2011,"$1,653,750"
1430,Adam Vinatieri,2011,"$5,000,000"
1995,Austin Howard,2011,"$158,824"
2524,Mike Windt,2011,"$450,000"
2426,Cam Newton,2011,"$14,893,544"
1374,Adam-Pacman Jones,2011,"$640,000"
1654,Josh Bynes,2011,"$375,000"
1703,Ben Garland,2011,"$405,000"
921,Maurkice Pouncey,2011,"$9,675,500"
1725,Taiwan Jones,2011,"$780,000"
258,Malcolm Smith,2011,"$420,900"
1375,Adam-Pacman Jones,2011,"$353,000"
2223,Robert Quinn,2011,"$5,737,585"
1635,Julio Jones,2011,"$10,660,000"
2861,Corey Graham,2011,"$1,300,000"
710,Phil Dawson,2011,"$3,250,000"
2805,Matt Schaub,2011,"$5,750,000"
2010,Sam Koch,2011,"$4,300,000"
2023,Josh Sitton,2011,"$9,550,000"
1645,Anthony Castonzo,2011,"$4,693,980"
300,Kellen Clemens,2011,"$685,000"
487,Chris Matthews,2011,"$2,000"
2240,Ndamukong Suh,2011,"$25,784,706"
858,Matt Forte,2011,"$600,000"
23,Chris Culliver,2012,"$465,000"
657,Nick Bellore,2012,"$465,000"
859,Matt Forte,2012,"$9,800,000"
2599,Derrick Morgan,2012,"$725,000"
1255,Chris Hogan,2012,"$390,000"
1202,Brandon Brooks,2012,"$1,007,436"
2356,Larry Fitzgerald,2012,"$26,250,000"
1277,Garrett Celek,2012,"$396,000"
2311,Paul Posluszny,2012,"$5,000,000"
841,Elvis Dumervil,2012,"$14,000,000"
744,Julius Peppers,2012,"$9,000,000"
1254,Chris Hogan,2012,"$5,700"
1211,Danny Trevathan,2012,"$494,072"
1317,Stephen Paea,2012,"$542,541"
2731,Bradley Sowell,2012,"$10,000"
2923,Chris Maragos,2012,"$540,000"
1376,Adam-Pacman Jones,2012,"$950,000"
1192,Nate Allen,2012,"$557,000"
2582,Mike Adams,2012,"$2,000,000"
1392,Kevin Zeitler,2012,"$4,316,692"
820,Breno Giacomini,2012,"$3,000,000"
685,Quintin Demps,2012,"$700,000"
2622,Antoine Bethea,2012,"$5,225,000"
2737,Fletcher Cox,2012,"$6,278,144"
1361,Brett Kern,2012,"$706,000"
1246,Justin Durant,2012,"$2,250,000"
2730,Bradley Sowell,2012,"$390,000"
778,Patrick Peterson,2012,"$1,212,705"
2758,Deonte Thompson,2012,"$394,000"
1407,Andre Holmes,2012,"$319,688"
711,Phil Dawson,2012,"$3,810,000"
2752,Tyvon Branch,2012,"$6,600,000"
1329,Charles Clay,2012,"$465,000"
2609,Brian Hoyer,2012,"$153,750"
2368,Morgan Burnett,2012,"$540,000"
1849,Morgan Cox,2012,"$540,000"
301,Kellen Clemens,2012,"$710,000"
2694,Golden Tate,2012,"$540,000"
1079,Patrick Chung,2012,"$665,000"
308,Ryan Tannehill,2012,"$8,043,456"
1977,Ed Dickson,2012,"$540,000"
84,Harry Douglas,2012,"$3,500,000"
323,Matt Moore,2012,"$2,775,000"
1969,Tony Bergstrom,2012,"$896,016"
2437,Dan Bailey,2012,"$465,000"
967,Mario Addison,2012,"$116,250"
966,Mario Addison,2012,"$465,000"
1922,Byron Bell,2012,"$465,000"
2453,Bobby Wagner,2012,"$1,962,944"
345,Sam Young,2012,"$540,000"
1907,Brandon Bolden,2012,"$310,998"
1883,Travis Benjamin,2012,"$867,000"
2465,David DeCastro,2012,"$4,512,836"
1099,Marcedes Lewis,2012,"$7,350,000"
2843,George Johnson,2012,"$540,000"
1877,Justin Bethel,2012,"$504,224"
371,Deshawn Shead,2012,"$390,000"
1869,Bryan Bulaga,2012,"$683,500"
1431,Adam Vinatieri,2012,"$2,000,000"
949,Carlos Dunlap,2012,"$540,000"
1807,Drew Brees,2012,"$40,000,000"
2427,Cam Newton,2012,"$1,376,159"
1996,Austin Howard,2012,"$540,000"
2011,Sam Koch,2012,"$1,600,000"
259,Malcolm Smith,2012,"$465,000"
2911,Brandon Graham,2012,"$827,500"
107,Joe Hawley,2012,"$540,000"
2197,Buster Skrine,2012,"$465,000"
1034,Rodger Saffold,2012,"$750,000"
119,Derek Newton,2012,"$465,000"
2184,Danny Woodhead,2012,"$750,000"
2167,Clint Boling,2012,"$465,000"
994,Jason McCourty,2012,"$12,000,000"
2158,Logan Paulsen,2012,"$540,000"
2146,Dustin Colquitt,2012,"$1,825,000"
2224,Robert Quinn,2012,"$803,941"
1026,Darren Sproles,2012,"$3,500,000"
2241,Ndamukong Suh,2012,"$10,375,000"
2886,Jason Witten,2012,"$4,641,000"
2401,Jerry Hughes,2012,"$635,000"
2685,Justin Tucker,2012,"$390,000"
2233,J.T. Thomas,2012,"$390,000"
196,Colt McCoy,2012,"$540,000"
2087,Donald Penn,2012,"$6,100,000"
2070,Julian Stanford,2012,"$395,000"
2059,Matthew Stafford,2012,"$11,500,000"
226,Cedric Peerman,2012,"$540,000"
2663,Jimmy Smith,2012,"$714,168"
2035,Lamar Miller,2012,"$876,000"
2024,Josh Sitton,2012,"$3,650,000"
2862,Corey Graham,2012,"$1,900,000"
170,Brandon Weeden,2012,"$4,708,000"
409,Stevan Ridley,2012,"$509,250"
1636,Julio Jones,2012,"$1,110,625"
1754,Frank Zombo,2012,"$490,000"
1541,Rhett Ellison,2012,"$690,584"
2552,Tyson Alualu,2012,"$1,362,500"
1770,Marcus Cannon,2012,"$481,281"
1535,Matt Overton,2012,"$390,000"
1134,Terrell Suggs,2012,"$4,900,000"
1529,Jamaal Charles,2012,"$3,500,000"
2778,Nathan Stupar,2012,"$50,352"
580,Nigel Bradham,2012,"$847,424"
1518,Jerrell Freeman,2012,"$395,000"
586,Kelechi Osemele,2012,"$1,263,360"
2650,Bruce Irvin,2012,"$5,316,428"
1506,Kenny Wiggins,2012,"$96,900"
1494,Julius Thomas,2012,"$465,000"
1162,Tahir Whitehead,2012,"$602,000"
1481,Wesley Woodyard,2012,"$2,000,000"
2772,Darius Butler,2012,"$795,000"
610,Dwayne Allen,2012,"$1,093,304"
1467,Korey Toomer,2012,"$188,000"
624,Michael Crabtree,2012,"$4,000,000"
1184,Kyle Wilber,2012,"$829,220"
1458,Marquette King,2012,"$391,000"
2258,Ben Roethlisberger,2012,"$11,600,000"
633,Luke Stocker,2012,"$465,000"
1010,Muhammad Wilkerson,2012,"$687,500"
639,Trumaine Johnson,2012,"$1,061,176"
550,Greg Van Roten,2012,"$121,875"
1560,Steve McLendon,2012,"$540,000"
904,Brandon Fusco,2012,"$474,639"
1578,Orlando Scandrick,2012,"$6,875,000"
2701,Sean McGrath,2012,"$390,000"
1655,Josh Bynes,2012,"$243,750"
444,Robert Turbin,2012,"$846,456"
2525,Mike Windt,2012,"$540,000"
1737,Aqib Talib,2012,"$1,852,500"
2806,Matt Schaub,2012,"$21,900,000"
2813,Beau Brinkley,2012,"$410,000"
1745,Cole Beasley,2012,"$391,500"
452,Brad Nortman,2012,"$468,680"
922,Maurkice Pouncey,2012,"$766,125"
936,Linval Joseph,2012,"$540,000"
1646,Anthony Castonzo,2012,"$738,686"
1625,William Hayes,2012,"$900,000"
1610,Jah Reid,2012,"$465,000"
499,Julian Edelman,2012,"$615,000"
511,Jamize Olawale,2012,"$73,125"
911,Doug Baldwin,2012,"$465,000"
1119,Connor Barth,2012,"$4,450,000"
518,Jermey Parnell,2012,"$1,540,000"
1726,Taiwan Jones,2012,"$465,000"
1185,Kyle Wilber,2013,"$480,000"
1035,Rodger Saffold,2013,"$880,000"
1100,Marcedes Lewis,2013,"$4,350,000"
1027,Darren Sproles,2013,"$3,000,000"
1156,Emmett Cleary,2013,"$20,000"
1120,Connor Barth,2013,"$500,000"
2651,Bruce Irvin,2013,"$622,946"
1080,Patrick Chung,2013,"$3,000,000"
1141,Jordan Hill,2013,"$949,140"
1042,Vince Williams,2013,"$483,680"
2664,Jimmy Smith,2013,"$1,053,336"
1203,Brandon Brooks,2013,"$500,000"
1051,DeAndre Hopkins,2013,"$4,331,692"
1135,Terrell Suggs,2013,"$6,400,000"
1212,Danny Trevathan,2013,"$480,000"
1193,Nate Allen,2013,"$697,000"
1163,Tahir Whitehead,2013,"$480,000"
2623,Antoine Bethea,2013,"$4,750,000"
1176,Darius Slay,2013,"$2,631,764"
2610,Brian Hoyer,2013,"$715,000"
1997,Austin Howard,2013,"$2,023,000"
1988,Fozzy Whittaker,2013,"$95,294"
1987,Fozzy Whittaker,2013,"$309,705"
2428,Cam Newton,2013,"$2,377,318"
1978,Ed Dickson,2013,"$1,323,000"
1970,Tony Bergstrom,2013,"$480,000"
2438,Dan Bailey,2013,"$555,000"
1937,John Cyprien,2013,"$2,762,528"
1923,Byron Bell,2013,"$555,000"
1916,Patrick Omameh,2013,"$30,000"
2012,Sam Koch,2013,"$1,900,000"
1915,Patrick Omameh,2013,"$3,000"
2454,Bobby Wagner,2013,"$585,809"
1908,Brandon Bolden,2013,"$480,000"
1884,Travis Benjamin,2013,"$480,000"
1878,Justin Bethel,2013,"$480,000"
2466,David DeCastro,2013,"$745,177"
1870,Bryan Bulaga,2013,"$962,000"
1850,Morgan Cox,2013,"$880,000"
1832,Brian Winters,2013,"$1,048,876"
1808,Drew Brees,2013,"$10,000,000"
2495,Star Lotulelei,2013,"$5,770,092"
1914,Patrick Omameh,2013,"$285,882"
1771,Marcus Cannon,2013,"$587,562"
2025,Josh Sitton,2013,"$4,350,000"
2416,Desmond Trufant,2013,"$4,723,980"
2320,Benny Cunningham,2013,"$415,000"
2312,Paul Posluszny,2013,"$6,500,000"
2275,Mike Gillislee,2013,"$567,800"
2357,Larry Fitzgerald,2013,"$5,250,000"
2259,Ben Roethlisberger,2013,"$11,600,000"
2242,Ndamukong Suh,2013,"$12,275,000"
2234,J.T. Thomas,2013,"$480,000"
2225,Robert Quinn,2013,"$1,232,829"
2369,Morgan Burnett,2013,"$9,573,000"
2212,C.J. Anderson,2013,"$417,500"
2036,Lamar Miller,2013,"$480,000"
2198,Buster Skrine,2013,"$555,000"
2168,Clint Boling,2013,"$555,000"
2159,Logan Paulsen,2013,"$1,730,000"
2147,Dustin Colquitt,2013,"$5,050,000"
2126,Latavius Murray,2013,"$394,200"
2402,Jerry Hughes,2013,"$870,000"
2403,Jerry Hughes,2013,"$1,552,500"
2088,Donald Penn,2013,"$6,000,000"
2071,Julian Stanford,2013,"$112,941"
2060,Matthew Stafford,2013,"$18,500,000"
2047,Sheldon Richardson,2013,"$5,762,176"
2185,Danny Woodhead,2013,"$1,750,000"
1761,Kenny Stills,2013,"$599,452"
1755,Frank Zombo,2013,"$650,000"
2500,Kerwynn Williams,2013,"$50,352"
1482,Wesley Woodyard,2013,"$3,000,000"
1468,Korey Toomer,2013,"$102,000"
1459,Marquette King,2013,"$405,000"
1437,Shamarko Thomas,2013,"$858,152"
1432,Adam Vinatieri,2013,"$2,200,000"
1408,Andre Holmes,2013,"$424,412"
1393,Kevin Zeitler,2013,"$732,918"
2583,Mike Adams,2013,"$2,000,000"
1377,Adam-Pacman Jones,2013,"$2,100,000"
1362,Brett Kern,2013,"$821,500"
1495,Julius Thomas,2013,"$555,000"
1343,Marcus Burley,2013,"$2,000"
1341,Marcus Burley,2013,"$41,824"
1330,Charles Clay,2013,"$555,000"
1319,Stephen Paea,2013,"$710,082"
1310,Russell Shepard,2013,"$7,500"
1309,Russell Shepard,2013,"$391,235"
1302,Dion Sims,2013,"$872,552"
2600,Derrick Morgan,2013,"$1,160,000"
1278,Garrett Celek,2013,"$480,000"
1256,Chris Hogan,2013,"$405,000"
1247,Justin Durant,2013,"$1,150,000"
1342,Marcus Burley,2013,"$36,000"
1507,Kenny Wiggins,2013,"$142,941"
1508,Kenny Wiggins,2013,"$83,824"
1519,Jerrell Freeman,2013,"$480,000"
1746,Cole Beasley,2013,"$480,000"
2501,Kerwynn Williams,2013,"$65,647"
1738,Aqib Talib,2013,"$4,882,813"
1727,Taiwan Jones,2013,"$555,000"
1717,Jordan Mills,2013,"$569,800"
1683,Kevin Minter,2013,"$1,977,944"
1656,Josh Bynes,2013,"$480,000"
1647,Anthony Castonzo,2013,"$1,102,372"
2526,Mike Windt,2013,"$1,080,000"
1637,Julio Jones,2013,"$1,846,250"
1626,William Hayes,2013,"$4,550,000"
1611,Jah Reid,2013,"$555,000"
2534,Steven Terrell,2013,"$12,000"
1597,Jordan Poyer,2013,"$166,765"
1596,Jordan Poyer,2013,"$60,256"
1595,Jordan Poyer,2013,"$238,235"
1579,Orlando Scandrick,2013,"$2,000,000"
2541,Le'Veon Bell,2013,"$1,741,305"
1561,Steve McLendon,2013,"$2,575,000"
1542,Rhett Ellison,2013,"$480,000"
1536,Matt Overton,2013,"$480,000"
2553,Tyson Alualu,2013,"$2,072,500"
1530,Jamaal Charles,2013,"$3,000,000"
1235,Menelik Watson,2013,"$2,272,164"
2535,Steven Terrell,2013,"$2,500"
2342,Cordarrelle Patterson,2013,"$4,036,672"
658,Nick Bellore,2013,"$555,000"
85,Harry Douglas,2013,"$2,750,000"
2807,Matt Schaub,2013,"$7,250,000"
71,Eric Kush,2013,"$530,116"
779,Patrick Peterson,2013,"$2,050,409"
2738,Fletcher Cox,2013,"$855,509"
611,Dwayne Allen,2013,"$527,000"
905,Brandon Fusco,2013,"$565,361"
346,Sam Young,2013,"$185,295"
55,Will Compton,2013,"$5,000"
2773,Darius Butler,2013,"$2,000,000"
860,Matt Forte,2013,"$6,268,750"
923,Maurkice Pouncey,2013,"$1,127,250"
625,Michael Crabtree,2013,"$5,000,000"
2844,George Johnson,2013,"$222,353"
937,Linval Joseph,2013,"$630,000"
453,Brad Nortman,2013,"$480,000"
227,Cedric Peerman,2013,"$1,115,000"
950,Carlos Dunlap,2013,"$13,000,000"
362,Tyler Bray,2013,"$415,000"
54,Will Compton,2013,"$96,000"
2702,Sean McGrath,2013,"$405,000"
2863,Corey Graham,2013,"$2,050,000"
478,Geno Smith,2013,"$2,435,620"
791,Joe Vellano,2013,"$405,000"
302,Kellen Clemens,2013,"$870,000"
309,Ryan Tannehill,2013,"$965,841"
551,Greg Van Roten,2013,"$365,471"
560,Wes Horton,2013,"$415,000"
866,Brian Schwenke,2013,"$869,260"
842,Elvis Dumervil,2013,"$8,500,000"
324,Matt Moore,2013,"$4,000,000"
120,Derek Newton,2013,"$555,000"
519,Jermey Parnell,2013,"$1,023,088"
2779,Nathan Stupar,2013,"$190,588"
581,Nigel Bradham,2013,"$480,000"
512,Jamize Olawale,2013,"$480,000"
821,Breno Giacomini,2013,"$4,000,000"
108,Joe Hawley,2013,"$630,000"
2732,Bradley Sowell,2013,"$480,000"
500,Julian Edelman,2013,"$765,000"
2912,Brandon Graham,2013,"$1,250,000"
260,Malcolm Smith,2013,"$555,000"
587,Kelechi Osemele,2013,"$542,085"
329,Martin Wallace,2013,"$411,000"
131,Chris Gragg,2013,"$464,175"
53,Will Compton,2013,"$23,823"
634,Luke Stocker,2013,"$555,000"
912,Doug Baldwin,2013,"$555,000"
14,Bradley McDougald,2013,"$7,500"
2924,Chris Maragos,2013,"$955,000"
417,Ryan Griffin,2013,"$238,235"
416,Ryan Griffin,2013,"$15,000"
745,Julius Peppers,2013,"$13,200,000"
2887,Jason Witten,2013,"$5,500,000"
13,Bradley McDougald,2013,"$190,588"
171,Brandon Weeden,2013,"$757,436"
410,Stevan Ridley,2013,"$643,500"
24,Chris Culliver,2013,"$555,000"
12,Bradley McDougald,2013,"$160,941"
722,Jordan Devey,2013,"$10,000"
995,Jason McCourty,2013,"$5,000,000"
2684,Justin Tucker,2013,"$480,000"
2753,Tyvon Branch,2013,"$9,500,000"
197,Colt McCoy,2013,"$630,000"
712,Phil Dawson,2013,"$2,350,000"
686,Quintin Demps,2013,"$715,000"
1011,Muhammad Wilkerson,2013,"$1,000,000"
2759,Deonte Thompson,2013,"$480,000"
418,Ryan Griffin,2013,"$42,000"
2723,Sylvester Williams,2013,"$4,299,000"
372,Deshawn Shead,2013,"$141,176"
2695,Golden Tate,2013,"$630,000"
2814,Beau Brinkley,2013,"$480,000"
968,Mario Addison,2013,"$555,000"
445,Robert Turbin,2013,"$480,000"
373,Deshawn Shead,2013,"$215,412"
640,Trumaine Johnson,2013,"$529,000"
665,Keith Smith,2014,"$206,442"
2554,Tyson Alualu,2014,"$2,721,500"
2411,Jamie Meder,2014,"$3,500"
664,Keith Smith,2014,"$420,000"
1409,Andre Holmes,2014,"$645,000"
261,Malcolm Smith,2014,"$645,000"
1520,Jerrell Freeman,2014,"$570,000"
2072,Julian Stanford,2014,"$566,785"
659,Nick Bellore,2014,"$1,431,000"
269,Kevin Norwood,2014,"$840,108"
198,Colt McCoy,2014,"$795,000"
1531,Jamaal Charles,2014,"$8,300,000"
582,Nigel Bradham,2014,"$536,471"
2868,Darqueze Dennard,2014,"$4,542,835"
2061,Matthew Stafford,2014,"$15,008,969"
2089,Donald Penn,2014,"$5,000,000"
561,Wes Horton,2014,"$495,000"
1537,Matt Overton,2014,"$570,000"
1394,Kevin Zeitler,2014,"$1,075,836"
1998,Austin Howard,2014,"$10,000,000"
2412,Jamie Meder,2014,"$63,000"
1438,Shamarko Thomas,2014,"$495,000"
1543,Rhett Ellison,2014,"$570,000"
1550,Preston Brown,2014,"$1,361,179"
1989,Fozzy Whittaker,2014,"$495,000"
687,Quintin Demps,2014,"$1,000,000"
2780,Nathan Stupar,2014,"$495,000"
626,Michael Crabtree,2014,"$4,000,000"
1509,Kenny Wiggins,2014,"$29,118"
1470,Korey Toomer,2014,"$6,300"
2410,Jamie Meder,2014,"$24,705"
641,Trumaine Johnson,2014,"$656,000"
1471,Korey Toomer,2014,"$172,941"
612,Dwayne Allen,2014,"$660,000"
1469,Korey Toomer,2014,"$222,352"
2048,Sheldon Richardson,2014,"$862,000"
2037,Lamar Miller,2014,"$570,000"
606,Telvin Smith,2014,"$631,052"
1433,Adam Vinatieri,2014,"$2,500,000"
232,Tyler Gaffney,2014,"$303,000"
2762,Deonte Thompson,2014,"$204,000"
233,Tyler Gaffney,2014,"$96,600"
1483,Wesley Woodyard,2014,"$4,750,000"
2417,Desmond Trufant,2014,"$776,125"
1489,Alfred Blue,2014,"$537,932"
2026,Josh Sitton,2014,"$5,223,563"
2864,Corey Graham,2014,"$5,550,000"
228,Cedric Peerman,2014,"$1,050,000"
1460,Marquette King,2014,"$570,000"
1496,Julius Thomas,2014,"$779,585"
1442,DeMarcus Lawrence,2014,"$2,608,080"
2559,Tyler Patmon,2014,"$420,000"
238,Erik Swoope,2014,"$107,100"
2073,Julian Stanford,2014,"$12,600"
239,Erik Swoope,2014,"$5,000"
2761,Deonte Thompson,2014,"$134,117"
2774,Darius Butler,2014,"$2,500,000"
588,Kelechi Osemele,2014,"$829,227"
2760,Deonte Thompson,2014,"$570,000"
2013,Sam Koch,2014,"$2,200,000"
635,Luke Stocker,2014,"$645,000"
513,Jamize Olawale,2014,"$570,000"
2429,Cam Newton,2014,"$3,378,477"
2815,Beau Brinkley,2014,"$570,000"
1739,Aqib Talib,2014,"$11,906,250"
432,Trai Turner,2014,"$959,800"
446,Robert Turbin,2014,"$570,000"
2502,Kerwynn Williams,2014,"$420,000"
1871,Bryan Bulaga,2014,"$2,704,345"
1728,Taiwan Jones,2014,"$1,550,000"
363,Tyler Bray,2014,"$318,000"
2503,Kerwynn Williams,2014,"$136,624"
1879,Justin Bethel,2014,"$570,000"
1718,Jordan Mills,2014,"$699,711"
2504,Kerwynn Williams,2014,"$31,500"
2845,George Johnson,2014,"$871,548"
1704,Ben Garland,2014,"$420,000"
454,Brad Nortman,2014,"$570,000"
1885,Travis Benjamin,2014,"$570,000"
2455,Bobby Wagner,2014,"$781,618"
347,Sam Young,2014,"$780,000"
1684,Kevin Minter,2014,"$604,559"
374,Deshawn Shead,2014,"$570,000"
419,Ryan Griffin,2014,"$107,100"
1747,Cole Beasley,2014,"$570,000"
2467,David DeCastro,2014,"$1,100,354"
2833,Michael Schofield,2014,"$941,200"
1809,Drew Brees,2014,"$11,000,000"
394,Kerry Hyder,2014,"$4,000"
1825,Travis Carrie,2014,"$486,964"
1829,Casey Kreiter,2014,"$1,500"
385,Isaiah Burse,2014,"$18,900"
1833,Brian Winters,2014,"$529,000"
2477,Willie Snead,2014,"$18,900"
1784,Justin Britt,2014,"$1,254,132"
2808,Matt Schaub,2014,"$8,000,000"
1840,Jeremy Vujnovich,2014,"$107,100"
2496,Star Lotulelei,2014,"$841,568"
2476,Willie Snead,2014,"$44,100"
1772,Marcus Cannon,2014,"$3,893,843"
2821,Kony Ealy,2014,"$1,319,512"
411,Stevan Ridley,2014,"$777,750"
2475,Willie Snead,2014,"$5,000"
1762,Kenny Stills,2014,"$495,000"
1756,Frank Zombo,2014,"$855,000"
1851,Morgan Cox,2014,"$730,000"
1780,Luke Bowanko,2014,"$514,052"
2518,Brock Coyle,2014,"$423,000"
1910,Brandon Bolden,2014,"$570,000"
1672,Jon Halapio,2014,"$12,600"
501,Julian Edelman,2014,"$3,437,500"
2439,Dan Bailey,2014,"$4,900,000"
1598,Jordan Poyer,2014,"$495,000"
1958,Dontae Johnson,2014,"$820,544"
1387,T.J. Johnson,2014,"$420,000"
2850,Xavier Grimble,2014,"$56,700"
2536,Steven Terrell,2014,"$179,735"
2537,Steven Terrell,2014,"$37,800"
325,Matt Moore,2014,"$4,000,000"
1612,Jah Reid,2014,"$645,000"
1580,Orlando Scandrick,2014,"$4,411,764"
2851,Xavier Grimble,2014,"$6,300"
1971,Tony Bergstrom,2014,"$570,000"
530,George Winn,2014,"$385,804"
531,George Winn,2014,"$25,200"
2542,Le'Veon Bell,2014,"$592,300"
310,Ryan Tannehill,2014,"$1,541,682"
2852,Xavier Grimble,2014,"$12,600"
1979,Ed Dickson,2014,"$795,000"
1562,Steve McLendon,2014,"$2,425,000"
520,Jermey Parnell,2014,"$1,500,000"
303,Kellen Clemens,2014,"$1,500,000"
1950,Matt Paradis,2014,"$107,100"
1938,John Cyprien,2014,"$653,596"
1671,Jon Halapio,2014,"$123,100"
460,Pat O'Donnell,2014,"$562,889"
2849,Xavier Grimble,2014,"$10,000"
1658,Josh Bynes,2014,"$573,649"
1657,Josh Bynes,2014,"$18,900"
464,Dan France,2014,"$107,100"
465,Dan France,2014,"$2,500"
1917,Patrick Omameh,2014,"$753,005"
2671,Allen Hurns,2014,"$425,000"
1949,Matt Paradis,2014,"$91,000"
1648,Anthony Castonzo,2014,"$1,466,058"
1924,Byron Bell,2014,"$2,187,000"
1638,Julio Jones,2014,"$2,581,875"
479,Geno Smith,2014,"$633,164"
2527,Mike Windt,2014,"$730,000"
1627,William Hayes,2014,"$2,595,000"
483,Jake Schum,2014,"$6,300"
488,Chris Matthews,2014,"$420,000"
489,Chris Matthews,2014,"$16,300"
490,Chris Matthews,2014,"$12,600"
330,Martin Wallace,2014,"$63,000"
2404,Jerry Hughes,2014,"$3,995,000"
387,Isaiah Burse,2014,"$350,048"
2584,Mike Adams,2014,"$1,020,000"
2213,C.J. Anderson,2014,"$645,963"
2714,Brandin Cooks,2014,"$4,837,056"
1186,Kyle Wilber,2014,"$570,000"
882,Aaron Donald,2014,"$6,112,000"
2624,Antoine Bethea,2014,"$6,750,000"
1177,Darius Slay,2014,"$761,140"
2343,Cordarrelle Patterson,2014,"$733,230"
99,Scott Simonson,2014,"$1,000"
2226,Robert Quinn,2014,"$5,483,131"
97,Scott Simonson,2014,"$81,900"
1164,Tahir Whitehead,2014,"$762,028"
96,Scott Simonson,2014,"$420,000"
2913,Brandon Graham,2014,"$1,670,500"
2235,J.T. Thomas,2014,"$645,000"
1157,Emmett Cleary,2014,"$94,500"
86,Harry Douglas,2014,"$2,750,000"
2243,Ndamukong Suh,2014,"$12,680,451"
2719,Marquis Flowers,2014,"$498,680"
2646,Marcus Smith,2014,"$4,412,064"
109,Joe Hawley,2014,"$3,000,000"
2370,Morgan Burnett,2014,"$3,224,761"
1248,Justin Durant,2014,"$1,250,000"
822,Breno Giacomini,2014,"$4,500,000"
121,Derek Newton,2014,"$1,431,000"
843,Elvis Dumervil,2014,"$5,500,000"
2186,Danny Woodhead,2014,"$3,750,000"
1236,Menelik Watson,2014,"$622,948"
2611,Brian Hoyer,2014,"$3,300,000"
1230,Michael Campanaro,2014,"$487,500"
2724,Sylvester Williams,2014,"$749,625"
1223,Bene Benwikere,2014,"$619,000"
861,Matt Forte,2014,"$6,916,031"
1219,Garry Gilliam,2014,"$432,000"
2199,Buster Skrine,2014,"$1,431,000"
1213,Danny Trevathan,2014,"$570,000"
867,Brian Schwenke,2014,"$495,000"
1204,Brandon Brooks,2014,"$590,000"
872,Malcolm Butler,2014,"$420,000"
1194,Nate Allen,2014,"$3,000,000"
72,Eric Kush,2014,"$503,000"
1142,Jordan Hill,2014,"$515,000"
899,Donte Moncrief,2014,"$963,520"
25,Chris Culliver,2014,"$1,431,000"
15,Bradley McDougald,2014,"$495,000"
1067,Garrison Smith,2014,"$6,300"
1066,Garrison Smith,2014,"$18,900"
1065,Garrison Smith,2014,"$7,300"
1052,DeAndre Hopkins,2014,"$751,668"
2686,Justin Tucker,2014,"$570,000"
987,Kevin Pierre-Louis,2014,"$688,652"
2665,Jimmy Smith,2014,"$1,392,504"
2925,Chris Maragos,2014,"$1,350,000"
1041,Vince Williams,2014,"$495,000"
1036,Rodger Saffold,2014,"$8,000,000"
996,Jason McCourty,2014,"$6,500,000"
2313,Paul Posluszny,2014,"$7,500,000"
1028,Darren Sproles,2014,"$4,000,000"
2321,Benny Cunningham,2014,"$495,000"
1012,Muhammad Wilkerson,2014,"$1,312,500"
969,Mario Addison,2014,"$1,305,000"
1081,Patrick Chung,2014,"$1,000,000"
1082,Patrick Chung,2014,"$1,070,000"
2283,Daniel McCullers,2014,"$498,680"
63,Trent Murphy,2014,"$2,032,973"
1136,Terrell Suggs,2014,"$12,000,000"
56,Will Compton,2014,"$617,014"
906,Brandon Fusco,2014,"$5,431,000"
2260,Ben Roethlisberger,2014,"$12,100,000"
913,Doug Baldwin,2014,"$6,200,000"
924,Maurkice Pouncey,2014,"$14,000,000"
1121,Connor Barth,2014,"$167,647"
2733,Bradley Sowell,2014,"$570,000"
2266,Chris McCain,2014,"$420,000"
951,Carlos Dunlap,2014,"$7,000,000"
2652,Bruce Irvin,2014,"$1,239,290"
2358,Larry Fitzgerald,2014,"$13,000,000"
1101,Marcedes Lewis,2014,"$6,850,000"
956,Isaiah Crowell,2014,"$430,000"
2696,Golden Tate,2014,"$9,538,850"
2276,Mike Gillislee,2014,"$318,000"
42,Cornelius Lucas,2014,"$596,153"
938,Linval Joseph,2014,"$9,000,000"
1257,Chris Hogan,2014,"$495,000"
2208,Tre Boston,2014,"$825,468"
718,Paul Richardson,2014,"$2,167,516"
746,Julius Peppers,2014,"$8,535,880"
713,Phil Dawson,2014,"$3,000,000"
1344,Marcus Burley,2014,"$420,000"
2896,Ross Cockrell,2014,"$887,552"
2601,Derrick Morgan,2014,"$2,180,000"
173,Brandon Weeden,2014,"$570,000"
764,Sammy Watkins,2014,"$13,238,620"
1363,Brett Kern,2014,"$937,500"
1289,Devonta Freeman,2014,"$904,424"
2148,Dustin Colquitt,2014,"$3,000,000"
1320,Stephen Paea,2014,"$964,866"
2133,Terrance West,2014,"$947,400"
1303,Dion Sims,2014,"$495,000"
172,Brandon Weeden,2014,"$2,044,872"
2160,Logan Paulsen,2014,"$1,870,000"
2127,Latavius Murray,2014,"$420,000"
780,Patrick Peterson,2014,"$16,249,999"
1311,Russell Shepard,2014,"$495,000"
723,Jordan Devey,2014,"$420,000"
2754,Tyvon Branch,2014,"$4,000,000"
2739,Fletcher Cox,2014,"$1,321,000"
793,Joe Vellano,2014,"$75,600"
2888,Jason Witten,2014,"$5,000,000"
794,Joe Vellano,2014,"$145,588"
1378,Adam-Pacman Jones,2014,"$2,550,000"
753,Andrew Norwell,2014,"$432,000"
2388,James White,2014,"$817,088"
164,Bishop Sankey,2014,"$1,535,272"
792,Joe Vellano,2014,"$495,000"
2169,Clint Boling,2014,"$1,431,000"
1279,Garrett Celek,2014,"$570,000"
132,Chris Gragg,2014,"$495,000"
1331,Charles Clay,2014,"$1,431,000"
46,Clayton Geathers,2015,"$968,930"
2076,Julian Stanford,2015,"$33,000"
357,Ben Heeney,2015,"$824,793"
2846,George Johnson,2015,"$2,774,824"
2075,Julian Stanford,2015,"$6,600"
165,Bishop Sankey,2015,"$629,842"
2389,James White,2015,"$510,000"
43,Cornelius Lucas,2015,"$510,000"
210,Obum Gwacham,2015,"$505,559"
1909,Brandon Bolden,2015,"$1,185,000"
1872,Bryan Bulaga,2015,"$9,909,293"
1903,Justin Hardy,2015,"$1,072,836"
2134,Terrance West,2015,"$254,613"
1880,Justin Bethel,2015,"$3,747,268"
2456,Bobby Wagner,2015,"$9,028,070"
2359,Larry Fitzgerald,2015,"$11,013,887"
2267,Chris McCain,2015,"$489,176"
2135,Terrance West,2015,"$6,600"
2074,Julian Stanford,2015,"$6,600"
2869,Darqueze Dennard,2015,"$782,678"
2128,Latavius Murray,2015,"$739,986"
348,Sam Young,2015,"$795,000"
2136,Terrance West,2015,"$210,000"
2362,T.J. Clemmings,2015,"$1,319,351"
2261,Ben Roethlisberger,2015,"$35,257,482"
1886,Travis Benjamin,2015,"$660,000"
57,Will Compton,2015,"$732,465"
2014,Sam Koch,2015,"$5,000,000"
2110,Stephone Anthony,2015,"$4,415,645"
364,Tyler Bray,2015,"$510,000"
6,Darius Jennings,2015,"$51,176"
1841,Jeremy Vujnovich,2015,"$112,200"
2405,Jerry Hughes,2015,"$11,775,000"
2103,Damiere Byrd,2015,"$5,000"
1834,Brian Winters,2015,"$822,226"
2314,Paul Posluszny,2015,"$4,937,500"
2344,Cordarrelle Patterson,2015,"$1,061,459"
2926,Chris Maragos,2015,"$1,281,983"
2478,Willie Snead,2015,"$664,652"
5,Darius Jennings,2015,"$79,200"
2485,Austin Reiter,2015,"$74,925"
2095,Nate Orchard,2015,"$1,943,220"
2486,Austin Reiter,2015,"$92,400"
1810,Drew Brees,2015,"$19,005,422"
2322,Benny Cunningham,2015,"$741,646"
175,Brandon Weeden,2015,"$388,235"
1827,Travis Carrie,2015,"$763,336"
2090,Donald Penn,2015,"$5,428,737"
2104,Damiere Byrd,2015,"$13,200"
2105,Damiere Byrd,2015,"$99,000"
2277,Mike Gillislee,2015,"$26,400"
2278,Mike Gillislee,2015,"$26,400"
2279,Mike Gillislee,2015,"$172,058"
2873,Zaire Anderson,2015,"$5,000"
64,Trent Murphy,2015,"$733,819"
386,Isaiah Burse,2015,"$19,800"
2284,Daniel McCullers,2015,"$545,115"
26,Chris Culliver,2015,"$7,833,948"
16,Bradley McDougald,2015,"$807,054"
2874,Zaire Anderson,2015,"$112,200"
1852,Morgan Cox,2015,"$825,000"
199,Colt McCoy,2015,"$1,378,677"
375,Deshawn Shead,2015,"$870,222"
378,Denzel Perryman,2015,"$2,257,443"
2834,Michael Schofield,2015,"$729,367"
2468,David DeCastro,2015,"$1,530,966"
174,Brandon Weeden,2015,"$271,764"
206,Kaleb Eulls,2015,"$466,612"
2062,Matthew Stafford,2015,"$9,500,000"
1918,Patrick Omameh,2015,"$726,799"
73,Eric Kush,2015,"$8,500"
2853,Xavier Grimble,2015,"$112,200"
1990,Fozzy Whittaker,2015,"$660,000"
2381,Justin Hamilton,2015,"$6,600"
2377,Justin Hamilton,2015,"$2,000"
304,Kellen Clemens,2015,"$1,501,154"
115,B.J. Finney,2015,"$92,400"
2430,Cam Newton,2015,"$24,000,000"
1980,Ed Dickson,2015,"$2,150,000"
234,Tyler Gaffney,2015,"$318,000"
2382,Justin Hamilton,2015,"$6,600"
114,B.J. Finney,2015,"$10,000"
2027,Josh Sitton,2015,"$6,074,224"
110,Joe Hawley,2015,"$1,386,011"
311,Ryan Tannehill,2015,"$12,160,000"
1972,Tony Bergstrom,2015,"$724,240"
2161,Logan Paulsen,2015,"$1,750,000"
2418,Desmond Trufant,2015,"$1,220,541"
290,Thurston Armbrister,2015,"$590,011"
2200,Buster Skrine,2015,"$6,558,413"
2192,Nick Dzubnar,2015,"$551,667"
284,Lorenzo Mauldin,2015,"$1,224,561"
241,Erik Swoope,2015,"$105,600"
2380,Justin Hamilton,2015,"$13,200"
2379,Justin Hamilton,2015,"$6,600"
2905,David Irving,2015,"$19,800"
127,Shane Ray,2015,"$5,326,923"
240,Erik Swoope,2015,"$25,588"
262,Malcolm Smith,2015,"$6,037,979"
2906,David Irving,2015,"$358,235"
122,Derek Newton,2015,"$7,500,000"
270,Kevin Norwood,2015,"$515,396"
278,Isaiah Battle,2015,"$228,864"
279,Isaiah Battle,2015,"$66,000"
280,Isaiah Battle,2015,"$179,117"
1999,Austin Howard,2015,"$5,019,053"
133,Chris Gragg,2015,"$585,000"
2187,Danny Woodhead,2015,"$1,537,454"
2378,Justin Hamilton,2015,"$13,200"
2854,Xavier Grimble,2015,"$10,000"
2371,Morgan Burnett,2015,"$3,428,073"
2099,Marcus Mariota,2015,"$16,330,324"
2209,Tre Boston,2015,"$510,000"
158,Tyrus Thompson,2015,"$147,512"
1925,Byron Bell,2015,"$1,582,817"
2914,Brandon Graham,2015,"$9,025,925"
159,Tyrus Thompson,2015,"$46,200"
2236,J.T. Thomas,2015,"$4,033,999"
160,Tyrus Thompson,2015,"$52,800"
87,Harry Douglas,2015,"$3,798,852"
331,Martin Wallace,2015,"$6,600"
332,Martin Wallace,2015,"$13,200"
333,Martin Wallace,2015,"$6,600"
2170,Clint Boling,2015,"$7,100,000"
76,Eric Kush,2015,"$255,192"
2244,Ndamukong Suh,2015,"$26,500,000"
75,Eric Kush,2015,"$39,600"
74,Eric Kush,2015,"$34,411"
211,Obum Gwacham,2015,"$90,487"
334,Martin Wallace,2015,"$52,800"
1932,Ryan Russell,2015,"$603,575"
2413,Jamie Meder,2015,"$435,000"
2049,Sheldon Richardson,2015,"$1,055,044"
2227,Robert Quinn,2015,"$15,792,100"
2904,David Irving,2015,"$10,000"
1965,Marcus Peters,2015,"$5,665,296"
326,Matt Moore,2015,"$2,600,000"
2897,Ross Cockrell,2015,"$656,706"
154,T.J. Yeldon,2015,"$2,995,927"
1959,Dontae Johnson,2015,"$647,959"
2214,C.J. Anderson,2015,"$585,000"
2038,Lamar Miller,2015,"$1,542,000"
2889,Jason Witten,2015,"$5,100,000"
2865,Corey Graham,2015,"$3,450,000"
2219,Preston Smith,2015,"$2,980,046"
229,Cedric Peerman,2015,"$1,045,000"
2440,Dan Bailey,2015,"$1,700,000"
1951,Matt Paradis,2015,"$826,648"
2149,Dustin Colquitt,2015,"$3,000,000"
100,Scott Simonson,2015,"$46,200"
1939,John Cyprien,2015,"$1,002,994"
98,Scott Simonson,2015,"$330,000"
2043,Jake Ryan,2015,"$1,021,062"
1013,Muhammad Wilkerson,2015,"$6,997,604"
467,Dan France,2015,"$33,000"
646,Kaelin Clay,2015,"$6,600"
724,Jordan Devey,2015,"$629,598"
729,Bryce Callahan,2015,"$58,676"
730,Bryce Callahan,2015,"$383,901"
731,Bryce Callahan,2015,"$26,400"
1353,Arik Armstead,2015,"$5,888,257"
2589,Curtis Riley,2015,"$330,000"
1349,Denzell Good,2015,"$487,783"
1345,Marcus Burley,2015,"$622,345"
747,Julius Peppers,2015,"$9,509,906"
1337,Randy Gregory,2015,"$1,408,646"
2593,Trevor Siemian,2015,"$487,783"
1332,Charles Clay,2015,"$13,000,000"
754,Andrew Norwell,2015,"$753,619"
2740,Fletcher Cox,2015,"$1,836,593"
1364,Brett Kern,2015,"$4,010,424"
1324,Vic Beasley,2015,"$9,267,846"
765,Sammy Watkins,2015,"$1,326,164"
772,Damarious Randall,2015,"$4,542,582"
1312,Russell Shepard,2015,"$683,767"
781,Patrick Peterson,2015,"$11,731,541"
1304,Dion Sims,2015,"$585,000"
787,Mark Glowinski,2015,"$815,239"
1290,Devonta Freeman,2015,"$676,897"
2602,Derrick Morgan,2015,"$8,520,835"
1280,Garrett Celek,2015,"$805,880"
795,Joe Vellano,2015,"$6,600"
1258,Chris Hogan,2015,"$789,819"
796,Joe Vellano,2015,"$13,200"
2734,Bradley Sowell,2015,"$784,365"
808,Hau'oli Kikaha,2015,"$2,611,844"
1321,Stephen Paea,2015,"$8,007,249"
1249,Justin Durant,2015,"$3,539,869"
2585,Mike Adams,2015,"$3,100,000"
714,Phil Dawson,2015,"$3,135,891"
1472,Korey Toomer,2015,"$6,600"
613,Dwayne Allen,2015,"$1,542,000"
1461,Marquette King,2015,"$1,556,072"
1454,Cameron Erving,2015,"$5,552,502"
627,Michael Crabtree,2015,"$4,127,809"
1450,Bobby Hart,2015,"$562,339"
2765,Deonte Thompson,2015,"$326,363"
1446,Stefon Diggs,2015,"$914,812"
1443,DeMarcus Lawrence,2015,"$670,302"
1439,Shamarko Thomas,2015,"$654,267"
636,Luke Stocker,2015,"$1,550,812"
2764,Deonte Thompson,2015,"$38,824"
1434,Adam Vinatieri,2015,"$2,500,000"
642,Trumaine Johnson,2015,"$1,628,753"
719,Paul Richardson,2015,"$635,064"
2763,Deonte Thompson,2015,"$46,200"
388,Isaiah Burse,2015,"$59,400"
647,Kaelin Clay,2015,"$52,800"
648,Kaelin Clay,2015,"$179,117"
660,Nick Bellore,2015,"$1,228,362"
1410,Andre Holmes,2015,"$1,598,100"
666,Keith Smith,2015,"$46,200"
667,Keith Smith,2015,"$120,000"
668,Keith Smith,2015,"$33,000"
1395,Kevin Zeitler,2015,"$1,418,754"
1388,T.J. Johnson,2015,"$510,000"
688,Quintin Demps,2015,"$1,073,302"
1383,Kevin Johnson,2015,"$6,076,223"
1379,Adam-Pacman Jones,2015,"$2,300,000"
2755,Tyvon Branch,2015,"$1,287,500"
645,Kaelin Clay,2015,"$130,477"
823,Breno Giacomini,2015,"$4,543,722"
830,Jesse Davis,2015,"$6,000"
2726,Sylvester Williams,2015,"$1,094,250"
2704,Sean McGrath,2015,"$13,200"
907,Brandon Fusco,2015,"$2,685,000"
2703,Sean McGrath,2015,"$25,588"
914,Doug Baldwin,2015,"$3,550,519"
1122,Connor Barth,2015,"$766,452"
925,Maurkice Pouncey,2015,"$5,500,000"
939,Linval Joseph,2015,"$4,000,000"
2653,Bruce Irvin,2015,"$1,704,647"
1102,Marcedes Lewis,2015,"$2,450,000"
952,Carlos Dunlap,2015,"$3,300,000"
2697,Golden Tate,2015,"$3,750,000"
957,Isaiah Crowell,2015,"$510,000"
960,Shaq Mason,2015,"$1,077,873"
1089,Brandon Scherff,2015,"$14,161,626"
900,Donte Moncrief,2015,"$525,000"
2658,Cameron Lynch,2015,"$550,082"
970,Mario Addison,2015,"$800,000"
975,Hayes Pullard,2015,"$79,240"
976,Hayes Pullard,2015,"$46,200"
977,Hayes Pullard,2015,"$255,882"
1068,Garrison Smith,2015,"$112,200"
2687,Justin Tucker,2015,"$2,356,000"
1053,DeAndre Hopkins,2015,"$1,170,644"
1043,Vince Williams,2015,"$714,385"
988,Kevin Pierre-Louis,2015,"$610,680"
2666,Jimmy Smith,2015,"$14,000,000"
1037,Rodger Saffold,2015,"$7,255,175"
997,Jason McCourty,2015,"$6,803,817"
1029,Darren Sproles,2015,"$3,120,465"
2672,Allen Hurns,2015,"$749,575"
1083,Patrick Chung,2015,"$3,587,500"
1137,Terrell Suggs,2015,"$4,000,000"
2705,Sean McGrath,2015,"$6,600"
1143,Jordan Hill,2015,"$680,896"
1237,Menelik Watson,2015,"$840,896"
844,Elvis Dumervil,2015,"$5,000,000"
2612,Brian Hoyer,2015,"$5,093,750"
1231,Michael Campanaro,2015,"$374,647"
1224,Bene Benwikere,2015,"$697,572"
1220,Garry Gilliam,2015,"$839,384"
862,Matt Forte,2015,"$8,207,521"
1214,Danny Trevathan,2015,"$1,542,000"
1205,Brandon Brooks,2015,"$1,621,798"
868,Brian Schwenke,2015,"$500,204"
2720,Marquis Flowers,2015,"$333,000"
1195,Nate Allen,2015,"$7,004,713"
873,Malcolm Butler,2015,"$829,282"
2715,Brandin Cooks,2015,"$860,798"
1187,Kyle Wilber,2015,"$778,454"
883,Aaron Donald,2015,"$946,260"
1178,Darius Slay,2015,"$885,846"
2647,Marcus Smith,2015,"$804,976"
1148,Daniel Munyer,2015,"$33,000"
1149,Daniel Munyer,2015,"$6,600"
1150,Daniel Munyer,2015,"$25,588"
1151,Daniel Munyer,2015,"$26,400"
2706,Sean McGrath,2015,"$30,000"
1473,Korey Toomer,2015,"$347,211"
1158,Emmett Cleary,2015,"$179,117"
2634,Sean Mannion,2015,"$1,062,861"
2707,Sean McGrath,2015,"$33,000"
1165,Tahir Whitehead,2015,"$824,314"
2631,Jordan Taylor,2015,"$112,200"
2630,Jordan Taylor,2015,"$7,500"
2625,Antoine Bethea,2015,"$3,288,661"
1159,Emmett Cleary,2015,"$66,000"
2562,Tyler Patmon,2015,"$6,600"
4,Darius Jennings,2015,"$51,176"
607,Telvin Smith,2015,"$757,954"
448,Robert Turbin,2015,"$271,764"
514,Jamize Olawale,2015,"$1,491,702"
1591,LaDarius Gunter,2015,"$458,616"
412,Stevan Ridley,2015,"$1,046,103"
1763,Kenny Stills,2015,"$585,000"
2538,Steven Terrell,2015,"$573,000"
1581,Orlando Scandrick,2015,"$4,000,000"
2497,Star Lotulelei,2015,"$1,278,136"
521,Jermey Parnell,2015,"$8,000,000"
1706,Ben Garland,2015,"$92,400"
1773,Marcus Cannon,2015,"$1,550,000"
1781,Luke Bowanko,2015,"$510,000"
2543,Le'Veon Bell,2015,"$731,442"
2809,Matt Schaub,2015,"$2,000,000"
405,Edwin Jackson,2015,"$13,200"
1785,Justin Britt,2015,"$797,344"
1569,Daniel Brown,2015,"$6,600"
1568,Daniel Brown,2015,"$39,600"
2519,Brock Coyle,2015,"$565,426"
1567,Daniel Brown,2015,"$153,529"
1721,Jordan Mills,2015,"$427,058"
502,Julian Edelman,2015,"$6,171,875"
1599,Jordan Poyer,2015,"$585,000"
493,Chris Matthews,2015,"$120,000"
461,Pat O'Donnell,2015,"$538,168"
472,Shane Wynn,2015,"$13,200"
473,Shane Wynn,2015,"$6,600"
1729,Taiwan Jones,2015,"$1,185,426"
474,Shane Wynn,2015,"$19,800"
1639,Julio Jones,2015,"$22,010,829"
480,Geno Smith,2015,"$870,303"
433,Trai Turner,2015,"$764,280"
1740,Aqib Talib,2015,"$5,968,750"
2561,Tyler Patmon,2015,"$561,116"
420,Ryan Griffin,2015,"$510,000"
1563,Steve McLendon,2015,"$2,274,824"
1628,William Hayes,2015,"$3,251,656"
2816,Beau Brinkley,2015,"$1,525,066"
447,Robert Turbin,2015,"$349,411"
484,Jake Schum,2015,"$475,477"
491,Chris Matthews,2015,"$367,736"
2528,Mike Windt,2015,"$792,324"
1757,Frank Zombo,2015,"$770,000"
466,Dan France,2015,"$79,200"
1659,Josh Bynes,2015,"$1,091,802"
1613,Jah Reid,2015,"$3,845,000"
492,Chris Matthews,2015,"$6,600"
1748,Cole Beasley,2015,"$5,000,000"
471,Shane Wynn,2015,"$2,000"
1685,Kevin Minter,2015,"$934,563"
2514,Tyeler Davison,2015,"$830,601"
1521,Jerrell Freeman,2015,"$2,356,000"
583,Nigel Bradham,2015,"$1,542,000"
2775,Darius Butler,2015,"$3,000,000"
2555,Tyson Alualu,2015,"$3,000,000"
1510,Kenny Wiggins,2015,"$735,145"
395,Kerry Hyder,2015,"$25,588"
589,Kelechi Osemele,2015,"$966,809"
2823,Kony Ealy,2015,"$706,035"
1501,Mario Edwards,2015,"$3,132,133"
1497,Julius Thomas,2015,"$15,100,000"
598,Akeem Hunt,2015,"$106,029"
599,Akeem Hunt,2015,"$6,600"
2560,Tyler Patmon,2015,"$60,000"
1490,Alfred Blue,2015,"$641,655"
2934,DeVante Parker,2015,"$6,605,213"
2506,Kerwynn Williams,2015,"$180,547"
455,Brad Nortman,2015,"$660,000"
1484,Wesley Woodyard,2015,"$2,779,895"
600,Akeem Hunt,2015,"$13,200"
1705,Ben Garland,2015,"$90,000"
601,Akeem Hunt,2015,"$179,117"
532,George Winn,2015,"$330,000"
1719,Jordan Mills,2015,"$34,411"
2505,Kerwynn Williams,2015,"$36,600"
576,Damien Wilson,2015,"$901,315"
533,George Winn,2015,"$39,600"
1688,Brett Jones,2015,"$318,000"
2793,Troy Hill,2015,"$79,200"
2792,Troy Hill,2015,"$5,500"
2791,Troy Hill,2015,"$25,588"
2790,Troy Hill,2015,"$76,764"
2789,Troy Hill,2015,"$25,588"
546,Mitch Morse,2015,"$2,093,598"
1551,Preston Brown,2015,"$803,842"
396,Kerry Hyder,2015,"$105,600"
404,Edwin Jackson,2015,"$6,600"
1544,Rhett Ellison,2015,"$1,542,000"
403,Edwin Jackson,2015,"$1,500"
1538,Matt Overton,2015,"$1,300,000"
562,Wes Horton,2015,"$103,235"
563,Wes Horton,2015,"$285,880"
1532,Jamaal Charles,2015,"$6,012,500"
2507,Kerwynn Williams,2015,"$66,000"
2781,Nathan Stupar,2015,"$728,314"
1720,Jordan Mills,2015,"$33,000"
1649,Anthony Castonzo,2015,"$18,000,000"
2363,T.J. Clemmings,2016,"$789,959"
2642,Rees Odhiambo,2016,"$1,095,420"
2915,Brandon Graham,2016,"$4,000,000"
2648,Marcus Smith,2016,"$1,129,008"
2654,Bruce Irvin,2016,"$12,500,000"
2817,Beau Brinkley,2016,"$900,000"
2826,Robby Anderson,2016,"$702,000"
2673,Allen Hurns,2016,"$9,000,000"
2678,Maliek Collins,2016,"$1,331,152"
2487,Austin Reiter,2016,"$397,050"
2667,Jimmy Smith,2016,"$7,000,000"
2927,Chris Maragos,2016,"$2,500,000"
2481,Willie Henry,2016,"$833,393"
2479,Willie Snead,2016,"$735,916"
2822,Kony Ealy,2016,"$742,439"
2345,Cordarrelle Patterson,2016,"$1,443,322"
2688,Justin Tucker,2016,"$8,000,000"
2660,Cameron Lynch,2016,"$401,470"
2488,Austin Reiter,2016,"$26,470"
2489,Austin Reiter,2016,"$6,900"
2491,Karl Joseph,2016,"$7,293,140"
2659,Cameron Lynch,2016,"$20,700"
2469,David DeCastro,2016,"$18,070,000"
2835,Michael Schofield,2016,"$612,000"
2498,Star Lotulelei,2016,"$1,714,704"
2698,Golden Tate,2016,"$4,750,000"
2360,Larry Fitzgerald,2016,"$11,000,000"
2810,Matt Schaub,2016,"$1,750,000"
2638,Connor McGovern,2016,"$713,900"
2725,Sylvester Williams,2016,"$1,438,875"
2461,Josh Doctson,2016,"$5,847,119"
2795,Troy Hill,2016,"$20,700"
2431,Cam Newton,2016,"$20,000,000"
2592,Curtis Riley,2016,"$397,050"
2741,Fletcher Cox,2016,"$27,299,000"
2590,Curtis Riley,2016,"$20,000"
2544,Le'Veon Bell,2016,"$853,147"
2586,Mike Adams,2016,"$2,303,125"
2390,James White,2016,"$702,011"
2794,Troy Hill,2016,"$339,702"
2785,Joe Walker,2016,"$393,137"
2855,Xavier Grimble,2016,"$450,000"
2890,Jason Witten,2016,"$6,500,000"
2756,Tyvon Branch,2016,"$4,000,000"
2875,Zaire Anderson,2016,"$450,000"
2776,Darius Butler,2016,"$2,500,000"
2870,Darqueze Dennard,2016,"$1,145,355"
2406,Jerry Hughes,2016,"$10,675,000"
2419,Desmond Trufant,2016,"$1,518,558"
2556,Tyson Alualu,2016,"$3,000,000"
2866,Corey Graham,2016,"$4,375,000"
2564,Tyler Patmon,2016,"$41,400"
2563,Tyler Patmon,2016,"$13,800"
2766,Deonte Thompson,2016,"$840,000"
2414,Jamie Meder,2016,"$525,000"
2782,Nathan Stupar,2016,"$1,980,586"
2796,Troy Hill,2016,"$92,646"
2594,Trevor Siemian,2016,"$525,000"
2539,Steven Terrell,2016,"$600,000"
2708,Sean McGrath,2016,"$525,000"
2457,Bobby Wagner,2016,"$7,500,000"
2632,Jordan Taylor,2016,"$450,000"
2508,Kerwynn Williams,2016,"$423,529"
2626,Antoine Bethea,2016,"$5,000,000"
2515,Tyeler Davison,2016,"$663,957"
2716,Brandin Cooks,2016,"$1,239,182"
2520,Brock Coyle,2016,"$600,000"
2847,George Johnson,2016,"$2,000,000"
2372,Morgan Burnett,2016,"$4,381,250"
2721,Marquis Flowers,2016,"$600,000"
2613,Brian Hoyer,2016,"$2,000,000"
2450,Deon King,2016,"$52,940"
2907,David Irving,2016,"$525,000"
2449,Deon King,2016,"$185,290"
2448,Deon King,2016,"$27,600"
2447,Deon King,2016,"$6,900"
2446,Deon King,2016,"$6,000"
2441,Dan Bailey,2016,"$2,500,000"
2603,Derrick Morgan,2016,"$4,812,500"
2529,Mike Windt,2016,"$785,000"
2735,Bradley Sowell,2016,"$1,000,000"
2898,Ross Cockrell,2016,"$681,720"
2383,Justin Hamilton,2016,"$6,900"
2384,Justin Hamilton,2016,"$75,900"
2635,Sean Mannion,2016,"$582,285"
2829,Brandon Williams,2016,"$1,122,695"
1485,Wesley Woodyard,2016,"$3,500,000"
2336,Alex Collins,2016,"$634,385"
661,Nick Bellore,2016,"$1,115,000"
669,Keith Smith,2016,"$600,000"
671,Josh Hawkins,2016,"$455,000"
689,Quintin Demps,2016,"$1,455,000"
693,Kyler Fackrell,2016,"$1,144,048"
715,Phil Dawson,2016,"$3,134,000"
720,Paul Richardson,2016,"$848,440"
725,Jordan Devey,2016,"$6,900"
726,Jordan Devey,2016,"$247,058"
652,Matt Skura,2016,"$117,300"
727,Jordan Devey,2016,"$55,200"
748,Julius Peppers,2016,"$8,000,000"
755,Andrew Norwell,2016,"$600,000"
766,Sammy Watkins,2016,"$2,232,328"
773,Damarious Randall,2016,"$794,806"
782,Patrick Peterson,2016,"$10,000,000"
788,Mark Glowinski,2016,"$605,458"
797,Joe Vellano,2016,"$117,300"
804,Reggie Ragland,2016,"$2,898,269"
809,Hau'oli Kikaha,2016,"$674,378"
732,Bryce Callahan,2016,"$525,000"
651,Matt Skura,2016,"$7,500"
649,Kaelin Clay,2016,"$308,820"
643,Trumaine Johnson,2016,"$13,952,000"
536,George Winn,2016,"$41,400"
537,George Winn,2016,"$70,588"
539,Roger Lewis,2016,"$468,500"
542,Joe Thuney,2016,"$1,528,634"
547,Mitch Morse,2016,"$647,413"
553,Donavan Clark,2016,"$419,096"
564,Wes Horton,2016,"$476,472"
571,Henry Krieger-Coble,2016,"$10,000"
572,Henry Krieger-Coble,2016,"$135,000"
573,Henry Krieger-Coble,2016,"$52,940"
577,Damien Wilson,2016,"$525,000"
584,Nigel Bradham,2016,"$3,500,000"
590,Kelechi Osemele,2016,"$13,500,000"
595,Lawrence Thomas,2016,"$368,645"
602,Akeem Hunt,2016,"$247,056"
603,Akeem Hunt,2016,"$62,100"
608,Telvin Smith,2016,"$979,157"
614,Dwayne Allen,2016,"$11,937,500"
618,Jonathan Jones,2016,"$601,237"
628,Michael Crabtree,2016,"$11,000,000"
637,Luke Stocker,2016,"$1,600,000"
812,Jihad Ward,2016,"$2,678,945"
535,George Winn,2016,"$13,800"
824,Breno Giacomini,2016,"$5,000,000"
832,Jesse Davis,2016,"$41,400"
984,James Burgess,2016,"$13,800"
989,Kevin Pierre-Louis,2016,"$600,000"
998,Jason McCourty,2016,"$7,000,000"
1005,Rashawn Scott,2016,"$20,000"
1006,Rashawn Scott,2016,"$82,800"
1007,Rashawn Scott,2016,"$132,350"
1014,Muhammad Wilkerson,2016,"$22,000,000"
1030,Darren Sproles,2016,"$4,000,000"
1038,Rodger Saffold,2016,"$4,968,750"
983,James Burgess,2016,"$6,900"
1044,Vince Williams,2016,"$2,175,000"
1054,DeAndre Hopkins,2016,"$1,445,005"
1069,Garrison Smith,2016,"$374,288"
1072,Paul Perkins,2016,"$702,548"
1084,Patrick Chung,2016,"$4,965,000"
1087,Kameron Canaday,2016,"$79,410"
1090,Brandon Scherff,2016,"$1,399,347"
1103,Marcedes Lewis,2016,"$4,000,000"
1106,Dean Lowry,2016,"$833,393"
1123,Connor Barth,2016,"$885,000"
1047,Bronson Kaufusi,2016,"$1,178,016"
982,James Burgess,2016,"$13,800"
981,James Burgess,2016,"$13,800"
978,Hayes Pullard,2016,"$525,000"
845,Elvis Dumervil,2016,"$5,000,000"
852,Jarrod Wilson,2016,"$455,000"
863,Matt Forte,2016,"$5,000,000"
869,Brian Schwenke,2016,"$1,671,000"
874,Malcolm Butler,2016,"$968,881"
876,Scooby Wright,2016,"$113,645"
877,Scooby Wright,2016,"$340,328"
878,Scooby Wright,2016,"$79,410"
884,Aaron Donald,2016,"$1,341,500"
891,Deiondre' Hall,2016,"$960,891"
895,Aziz Shittu,2016,"$5,000"
896,Aziz Shittu,2016,"$117,300"
901,Donte Moncrief,2016,"$615,000"
908,Brandon Fusco,2016,"$3,281,259"
915,Doug Baldwin,2016,"$5,000,000"
926,Maurkice Pouncey,2016,"$7,000,000"
940,Linval Joseph,2016,"$5,750,000"
953,Carlos Dunlap,2016,"$4,350,000"
958,Isaiah Crowell,2016,"$600,000"
962,Shaq Mason,2016,"$802,474"
971,Mario Addison,2016,"$1,400,000"
831,Jesse Davis,2016,"$13,800"
1138,Terrell Suggs,2016,"$4,500,000"
534,George Winn,2016,"$6,900"
522,Jermey Parnell,2016,"$6,500,000"
162,Tyrus Thompson,2016,"$34,500"
166,Bishop Sankey,2016,"$80,000"
167,Bishop Sankey,2016,"$105,882"
168,Bishop Sankey,2016,"$41,400"
176,Brandon Weeden,2016,"$1,325,000"
178,Victor Ochi,2016,"$6,900"
179,Victor Ochi,2016,"$52,940"
180,Victor Ochi,2016,"$34,500"
181,Victor Ochi,2016,"$55,200"
161,Tyrus Thompson,2016,"$97,940"
183,John Theus,2016,"$707,614"
191,Jack Allen,2016,"$89,700"
192,Jack Allen,2016,"$105,880"
200,Colt McCoy,2016,"$3,000,000"
203,Rico Gathers,2016,"$100,356"
204,Rico Gathers,2016,"$117,300"
207,Kaleb Eulls,2016,"$96,600"
208,Kaleb Eulls,2016,"$92,646"
212,Obum Gwacham,2016,"$379,235"
216,Paxton Lynch,2016,"$5,541,852"
188,Quinton Jefferson,2016,"$634,993"
155,T.J. Yeldon,2016,"$703,809"
140,Tajae Sharpe,2016,"$724,884"
136,D.J. Reader,2016,"$824,380"
7,Darius Jennings,2016,"$27,600"
8,Darius Jennings,2016,"$6,900"
9,Darius Jennings,2016,"$27,600"
17,Bradley McDougald,2016,"$2,553,000"
27,Chris Culliver,2016,"$873,117"
45,Cornelius Lucas,2016,"$600,000"
47,Clayton Geathers,2016,"$525,000"
58,Will Compton,2016,"$851,511"
65,Trent Murphy,2016,"$926,145"
67,Su'a Cravens,2016,"$1,872,522"
77,Eric Kush,2016,"$675,000"
88,Harry Douglas,2016,"$2,000,000"
93,DeAndre Elliot,2016,"$460,000"
101,Scott Simonson,2016,"$176,470"
102,Scott Simonson,2016,"$61,674"
103,Scott Simonson,2016,"$55,200"
111,Joe Hawley,2016,"$3,500,000"
116,B.J. Finney,2016,"$450,000"
123,Derek Newton,2016,"$4,750,000"
128,Shane Ray,2016,"$849,496"
134,Chris Gragg,2016,"$675,000"
230,Cedric Peerman,2016,"$991,250"
526,Christian Westerman,2016,"$681,696"
235,Tyler Gaffney,2016,"$52,940"
242,Erik Swoope,2016,"$616,000"
397,Kerry Hyder,2016,"$450,000"
406,Edwin Jackson,2016,"$661,000"
413,Stevan Ridley,2016,"$280,000"
414,Stevan Ridley,2016,"$178,823"
421,Ryan Griffin,2016,"$600,000"
424,Brandon Allen,2016,"$574,274"
428,Tyler Marz,2016,"$117,300"
434,Trai Turner,2016,"$618,670"
449,Robert Turbin,2016,"$760,000"
392,Isaiah Burse,2016,"$317,647"
456,Brad Nortman,2016,"$2,150,000"
468,Dan France,2016,"$132,350"
469,Dan France,2016,"$82,800"
475,Shane Wynn,2016,"$132,350"
476,Shane Wynn,2016,"$82,800"
481,Geno Smith,2016,"$1,089,491"
485,Jake Schum,2016,"$525,000"
494,Chris Matthews,2016,"$600,000"
503,Julian Edelman,2016,"$4,028,635"
515,Jamize Olawale,2016,"$2,000,000"
462,Pat O'Donnell,2016,"$600,000"
391,Isaiah Burse,2016,"$34,500"
390,Isaiah Burse,2016,"$61,764"
389,Isaiah Burse,2016,"$30,882"
244,Taylor Decker,2016,"$6,625,985"
263,Malcolm Smith,2016,"$3,000,000"
271,Kevin Norwood,2016,"$27,600"
272,Kevin Norwood,2016,"$55,200"
281,Isaiah Battle,2016,"$117,300"
285,Lorenzo Mauldin,2016,"$543,000"
288,Ronald Zamort,2016,"$13,800"
291,Thurston Armbrister,2016,"$525,000"
305,Kellen Clemens,2016,"$1,065,000"
312,Ryan Tannehill,2016,"$9,340,000"
327,Matt Moore,2016,"$1,775,000"
335,Martin Wallace,2016,"$6,900"
336,Martin Wallace,2016,"$6,900"
337,Martin Wallace,2016,"$20,700"
349,Sam Young,2016,"$150,000"
350,Sam Young,2016,"$736,470"
358,Ben Heeney,2016,"$389,645"
365,Tyler Bray,2016,"$620,000"
376,Deshawn Shead,2016,"$830,685"
379,Denzel Perryman,2016,"$652,113"
382,Kenneth Farrow,2016,"$455,000"
236,Tyler Gaffney,2016,"$55,200"
1144,Jordan Hill,2016,"$20,000"
1145,Jordan Hill,2016,"$238,235"
1146,Jordan Hill,2016,"$39,705"
1928,Kentrell Brothers,2016,"$751,218"
1933,Ryan Russell,2016,"$6,900"
1934,Ryan Russell,2016,"$48,300"
1935,Ryan Russell,2016,"$247,058"
1940,John Cyprien,2016,"$1,150,788"
1952,Matt Paradis,2016,"$914,807"
1954,Rashard Robinson,2016,"$833,393"
1960,Dontae Johnson,2016,"$600,000"
1962,Chester Rogers,2016,"$450,000"
1926,Byron Bell,2016,"$2,250,000"
1966,Marcus Peters,2016,"$870,643"
1981,Ed Dickson,2016,"$2,600,000"
1983,Branden Jackson,2016,"$82,800"
1984,Branden Jackson,2016,"$132,350"
1991,Fozzy Whittaker,2016,"$700,000"
2000,Austin Howard,2016,"$4,500,000"
2015,Sam Koch,2016,"$2,300,000"
2028,Josh Sitton,2016,"$300,000"
2029,Josh Sitton,2016,"$6,750,000"
2039,Lamar Miller,2016,"$8,500,000"
1973,Tony Bergstrom,2016,"$2,875,000"
1919,Patrick Omameh,2016,"$675,000"
1911,Brandon Bolden,2016,"$1,100,000"
1904,Justin Hardy,2016,"$525,000"
1782,Luke Bowanko,2016,"$600,000"
1786,Justin Britt,2016,"$734,267"
1791,Marqui Christian,2016,"$370,580"
1792,Marqui Christian,2016,"$289,611"
1811,Drew Brees,2016,"$31,250,000"
1820,Blake Countess,2016,"$131,570"
1821,Blake Countess,2016,"$175,000"
1822,Blake Countess,2016,"$185,290"
1826,Travis Carrie,2016,"$600,000"
1830,Casey Kreiter,2016,"$450,000"
1835,Brian Winters,2016,"$1,671,000"
1842,Jeremy Vujnovich,2016,"$52,940"
1843,Jeremy Vujnovich,2016,"$20,700"
1844,Jeremy Vujnovich,2016,"$62,100"
1845,Jeremy Vujnovich,2016,"$92,646"
1853,Morgan Cox,2016,"$1,500,000"
1873,Bryan Bulaga,2016,"$4,000,000"
1881,Justin Bethel,2016,"$2,500,000"
1887,Travis Benjamin,2016,"$7,750,000"
1895,Spencer Drango,2016,"$657,650"
1899,Wendell Smallwood,2016,"$694,578"
2044,Jake Ryan,2016,"$525,000"
1774,Marcus Cannon,2016,"$10,715,643"
2050,Sheldon Richardson,2016,"$1,671,530"
2077,Julian Stanford,2016,"$436,764"
2228,Robert Quinn,2016,"$10,202,019"
2237,J.T. Thomas,2016,"$1,531,260"
2245,Ndamukong Suh,2016,"$13,500,000"
2262,Ben Roethlisberger,2016,"$17,750,000"
2268,Chris McCain,2016,"$20,700"
2269,Chris McCain,2016,"$6,900"
2270,Chris McCain,2016,"$30,882"
2271,Chris McCain,2016,"$6,900"
2272,Chris McCain,2016,"$35,294"
2220,Preston Smith,2016,"$793,225"
2273,Chris McCain,2016,"$41,400"
2285,Daniel McCullers,2016,"$600,000"
2287,Johnny Holton,2016,"$455,000"
2290,Reid Ferguson,2016,"$62,100"
2293,James Bradberry,2016,"$1,530,608"
2297,Chris Milton,2016,"$69,000"
2298,Chris Milton,2016,"$185,290"
2302,Ezekiel Elliott,2016,"$14,395,644"
2315,Paul Posluszny,2016,"$4,937,500"
2323,Benny Cunningham,2016,"$1,671,000"
2280,Mike Gillislee,2016,"$600,000"
2215,C.J. Anderson,2016,"$6,000,000"
2210,Tre Boston,2016,"$600,000"
2204,Ronnie Stanley,2016,"$13,547,695"
2078,Julian Stanford,2016,"$119,117"
2079,Julian Stanford,2016,"$20,700"
2091,Donald Penn,2016,"$6,300,000"
2096,Nate Orchard,2016,"$638,014"
2100,Marcus Mariota,2016,"$1,535,635"
2106,Damiere Byrd,2016,"$140,350"
2107,Damiere Byrd,2016,"$75,900"
2108,Damiere Byrd,2016,"$26,470"
2111,Stephone Anthony,2016,"$786,442"
2119,Antonio Hamilton,2016,"$455,500"
2129,Latavius Murray,2016,"$675,000"
2137,Terrance West,2016,"$600,000"
2150,Dustin Colquitt,2016,"$3,650,000"
2152,Anthony Brown,2016,"$584,947"
2162,Logan Paulsen,2016,"$35,000"
2163,Logan Paulsen,2016,"$760,000"
2171,Clint Boling,2016,"$4,250,000"
2175,Seth Devalve,2016,"$833,393"
2188,Danny Woodhead,2016,"$2,000,000"
2193,Nick Dzubnar,2016,"$400,050"
2201,Buster Skrine,2016,"$6,504,000"
2063,Matthew Stafford,2016,"$17,000,000"
1764,Kenny Stills,2016,"$1,671,000"
1758,Frank Zombo,2016,"$1,400,000"
1749,Cole Beasley,2016,"$2,356,000"
1266,DeAndre Houston-Carson,2016,"$590,942"
1269,Devante Bond,2016,"$491,467"
1281,Garrett Celek,2016,"$3,900,000"
1291,Devonta Freeman,2016,"$600,000"
1298,Jordan Howard,2016,"$698,022"
1305,Dion Sims,2016,"$1,671,000"
1313,Russell Shepard,2016,"$1,671,000"
1322,Stephen Paea,2016,"$1,900,000"
1325,Vic Beasley,2016,"$1,093,874"
1262,Aaron Wallace,2016,"$538,167"
1333,Charles Clay,2016,"$11,500,000"
1346,Marcus Burley,2016,"$600,000"
1350,Denzell Good,2016,"$690,000"
1354,Arik Armstead,2016,"$882,392"
1365,Brett Kern,2016,"$2,200,000"
1380,Adam-Pacman Jones,2016,"$9,000,000"
1384,Kevin Johnson,2016,"$891,791"
1389,T.J. Johnson,2016,"$600,000"
1396,Kevin Zeitler,2016,"$8,070,000"
1402,Clayton Fejedelem,2016,"$513,550"
1338,Randy Gregory,2016,"$107,365"
1259,Chris Hogan,2016,"$5,493,870"
1250,Justin Durant,2016,"$965,000"
1238,Menelik Watson,2016,"$1,058,844"
1152,Daniel Munyer,2016,"$6,900"
1153,Daniel Munyer,2016,"$6,900"
1154,Daniel Munyer,2016,"$6,900"
1160,Emmett Cleary,2016,"$432,348"
1166,Tahir Whitehead,2016,"$4,750,000"
1168,Kevin Hogan,2016,"$227,716"
1169,Kevin Hogan,2016,"$34,500"
1170,Kevin Hogan,2016,"$317,640"
1172,Jerell Adams,2016,"$592,855"
1179,Darius Slay,2016,"$15,631,250"
1188,Kyle Wilber,2016,"$2,000,000"
1196,Nate Allen,2016,"$3,000,000"
1206,Brandon Brooks,2016,"$12,000,000"
1215,Danny Trevathan,2016,"$10,100,000"
1221,Garry Gilliam,2016,"$600,000"
1225,Bene Benwikere,2016,"$141,176"
1226,Bene Benwikere,2016,"$132,871"
1227,Bene Benwikere,2016,"$132,871"
1228,Bene Benwikere,2016,"$55,200"
1232,Michael Campanaro,2016,"$34,500"
1233,Michael Campanaro,2016,"$105,882"
1411,Andre Holmes,2016,"$2,000,000"
1435,Adam Vinatieri,2016,"$3,250,000"
1440,Shamarko Thomas,2016,"$675,000"
1444,DeMarcus Lawrence,2016,"$703,992"
1614,Jah Reid,2016,"$993,750"
1617,Kenyan Drake,2016,"$1,271,260"
1629,William Hayes,2016,"$7,000,000"
1640,Julio Jones,2016,"$13,500,000"
1650,Anthony Castonzo,2016,"$7,000,000"
1660,Josh Bynes,2016,"$447,058"
1666,Isaiah Johnson,2016,"$2,500"
1667,Isaiah Johnson,2016,"$117,300"
1673,Jon Halapio,2016,"$96,600"
1677,Michael Hunter,2016,"$13,800"
1678,Michael Hunter,2016,"$52,940"
1679,Michael Hunter,2016,"$82,800"
1686,Kevin Minter,2016,"$1,003,667"
1689,Brett Jones,2016,"$450,000"
1691,Ricardo Louis,2016,"$1,017,850"
1698,Shon Coleman,2016,"$1,237,536"
1707,Ben Garland,2016,"$600,000"
1709,C.J. Prosise,2016,"$1,142,464"
1722,Jordan Mills,2016,"$1,671,000"
1730,Taiwan Jones,2016,"$1,150,000"
1741,Aqib Talib,2016,"$8,906,250"
1600,Jordan Poyer,2016,"$675,000"
2339,Spencer Pulley,2016,"$452,000"
1592,LaDarius Gunter,2016,"$985,487"
1588,Sharrod Neasman,2016,"$41,400"
1447,Stefon Diggs,2016,"$749,226"
1451,Bobby Hart,2016,"$600,784"
1455,Cameron Erving,2016,"$863,594"
1462,Marquette King,2016,"$5,250,000"
1474,Korey Toomer,2016,"$20,700"
1475,Korey Toomer,2016,"$494,117"
1491,Alfred Blue,2016,"$600,000"
1498,Julius Thomas,2016,"$6,100,000"
1502,Mario Edwards,2016,"$708,508"
1511,Kenny Wiggins,2016,"$600,000"
1522,Jerrell Freeman,2016,"$4,647,059"
1533,Jamaal Charles,2016,"$5,312,500"
1539,Matt Overton,2016,"$800,000"
1545,Rhett Ellison,2016,"$1,898,305"
1552,Preston Brown,2016,"$631,750"
1564,Steve McLendon,2016,"$4,000,000"
1570,Daniel Brown,2016,"$308,820"
1571,Daniel Brown,2016,"$27,600"
1572,Daniel Brown,2016,"$61,764"
1582,Orlando Scandrick,2016,"$5,000,000"
1587,Sharrod Neasman,2016,"$7,500"
1589,Sharrod Neasman,2016,"$291,170"
2935,DeVante Parker,2016,"$929,389"
